name,youtube_id
"BabyFirst TV Learn Colors, ABCs, Rhymes & More",mJ6eP-7_6gqm8moQukzd4A
Busy Beavers,bt63GNsB5wet6NO3dmhssA
ChuChu TV Nursery Rhymes & Kids Songs,BnZ16ahKA2DZ_T5W0FPUXg
CNArabic,V_UnXMvco4uaqeMMBMWcxA
coolschool,G4dadF2w8Z95qz-vJ3WkqQ
Danyah Cartoons,xZXf9Wag57brs9UPCIg2A
DisneyCarToys,KjjmMqvuxNYw8c6knceexQ
DisneyJuniorUK,7Gf2tZ8coTX2ckTPgn62iQ
DisneyMusicVEVO,gwv23FVv3lqh567yagXfNg
Family Fun Pack,vthuVsurPaVz2a7_4LepGg
Five Lights,dv783_q1FlGPjVUGCjxsqg
Get Movies,lZkHt2kNIgyrTTPnSQV3SA
hooplakidz,3djj8jS0370cu_ghKs_Ong
HooplaKidzTv,MfZ_z0LUm805JOZLktl2QQ
Jonni Valentayn,TwTF-woRHsXsmk4m798BkA
Karameesh Channel,Z7V5FSAdPkRjPf64pPx9-Q
Kids TV HD EggVideos.com,wZrpRCU4MotIIzhl5_6KBQ
kidscamp,jVkjd2VWCWO-9DHRQER3Yg
KidsTV123,tgpDqkeOToveUgh8igrvXQ
LittleBabyBum,KAqou7V9FAWXpZd9xtOg3Q
Mickey Mouse,5K8SEF_7GQBedXIjtXLCRg
mmoshaya,POw2O3_uZ1doro9iR4x6vw
MotherGooseClub,JkWoS4RsldA1coEIot5yDA
My Super Heroes IRL,HNn0Aq-9aAPn9kDRSAzYCw
mymillionTV,cBWiuui6uxVqUBfrgZK8tg
Myrkott,UrFWYicKHIMxh12CozCHSw
Official Pink Panther,FeUyPY6W8qX8w2o6oSiRmw
PinkPanthersShow,1fIyfhQtm1fSljyKBf2uKA
Ryan ToysReview,hGJGhZ9SOOHvBB0Y4DOO_w
salahuddin005,j_L7lHraBG0w94rnzcW-KQ
Space Toon,uQKih3Ac3NABADQKQdeV6A
Superhero Fun Factory,HWluCKn8tTx8Nay6SR4oPQ
Superhero Mix Up,2mcHEcEdZCAY2Lvzfnx5dA
SuperHero Reality TV,hikza6yUVgrs7L879pzZyw
Superhero-Spiderman-Frozen,enMWMQOjul4ufo49xkvTYg
SuperSimpleSongs,LsooMJoIpl_7ux2jvdPB-Q
The Sean Ward Show,EvLUnQiH-i1XUNikh0Zm4g
Toddler World tv,SWRu9m-HZANpMBBQuEf14g
Toy Freaks,9fUm_9ZouDuLIMlml6bw5w
ToyMonsterChannel,ZV00VTzoRHjGqWCdPsR1tA
toyoraljanahtv,ozAuGJZ5MPoijz8IE_1Gtw
toyorbabyTV,HAbNxkU837UAkZ-OPtdUUw
ToyorRecords,imOM4QHiI1psc5-TcSAvgw
Toys and Funny Kids Surprise Eggs,wjoPtSoNLAoX2sLBaKLYng
Toys AndMe,6sSkkemzPjmrzS0Y0V_2zw
ToyScouter,kK0XNKXOvFkH66AS6jrCCg
ToysToSee,6_h2ICrhla8_zm-K5KKLaA
tutitutv,eUYwh-WiIoG47ECQvQxKsA
UnboxingSurpriseEgg,XLw_h6bFfPOKbDJXDUjA-Q
Webs & Tiaras - Toy Monster Compilations,0gNKhFMg-bKyNNZ_MB3D9Q
Wow Kidz,N8S4CqMRy6tVKVXvs7Bzeg
Маша и Медведь,Rv76wLBC73jiP7LX4C3l8Q